# ddG_total (kca/mol), ddG_linker (kcal/mol)
1.016578301191464107e+01,9.500000000000000000e+01
