# ddG_total (kca/mol), ddG_linker (kcal/mol)
1.002373789870957239e+02,9.500000000000000000e+01
